Project Name,Package Name,Type Name,Method Name,LOC,CC,PC,Line no,IsTest,Main prod class tested,Production classes tested
main,com.google.gson,JsonArray,JsonArray,3,1,0,42,0,,
main,com.google.gson,JsonArray,JsonArray,3,1,1,48,0,,
main,com.google.gson,JsonArray,deepCopy,10,3,0,60,0,com.google.gson.JsonArray,com.google.gson.JsonArray
main,com.google.gson,JsonArray,add,3,1,1,77,0,,
main,com.google.gson,JsonArray,add,3,1,1,87,0,,
main,com.google.gson,JsonArray,add,3,1,1,97,0,,
main,com.google.gson,JsonArray,add,3,1,1,107,0,,
main,com.google.gson,JsonArray,add,6,2,1,117,0,,
main,com.google.gson,JsonArray,addAll,3,1,1,129,0,,
main,com.google.gson,JsonArray,set,3,1,2,138,0,,
main,com.google.gson,JsonArray,remove,3,1,1,151,0,,
main,com.google.gson,JsonArray,remove,3,1,1,164,0,,
main,com.google.gson,JsonArray,contains,3,1,1,179,0,,
main,com.google.gson,JsonArray,size,3,1,0,190,0,,
main,com.google.gson,JsonArray,isEmpty,3,1,0,199,0,,
main,com.google.gson,JsonArray,iterator,3,1,0,209,0,,
main,com.google.gson,JsonArray,get,3,1,1,220,0,,
main,com.google.gson,JsonArray,getAsSingleElement,7,2,0,232,0,,
main,com.google.gson,JsonArray,getAsNumber,3,1,0,240,0,com.google.gson.JsonArray,com.google.gson.JsonArray
main,com.google.gson,JsonArray,getAsString,3,1,0,253,0,com.google.gson.JsonArray,com.google.gson.JsonArray
main,com.google.gson,JsonArray,getAsDouble,3,1,0,266,0,com.google.gson.JsonArray,com.google.gson.JsonArray
main,com.google.gson,JsonArray,getAsBigDecimal,3,1,0,279,0,com.google.gson.JsonArray,com.google.gson.JsonArray
main,com.google.gson,JsonArray,getAsBigInteger,3,1,0,293,0,com.google.gson.JsonArray,com.google.gson.JsonArray
main,com.google.gson,JsonArray,getAsFloat,3,1,0,307,0,com.google.gson.JsonArray,com.google.gson.JsonArray
main,com.google.gson,JsonArray,getAsLong,3,1,0,320,0,com.google.gson.JsonArray,com.google.gson.JsonArray
main,com.google.gson,JsonArray,getAsInt,3,1,0,333,0,com.google.gson.JsonArray,com.google.gson.JsonArray
main,com.google.gson,JsonArray,getAsByte,3,1,0,346,0,com.google.gson.JsonArray,com.google.gson.JsonArray
main,com.google.gson,JsonArray,getAsCharacter,3,1,0,359,0,com.google.gson.JsonArray,com.google.gson.JsonArray
main,com.google.gson,JsonArray,getAsShort,3,1,0,375,0,com.google.gson.JsonArray,com.google.gson.JsonArray
main,com.google.gson,JsonArray,getAsBoolean,3,1,0,388,0,com.google.gson.JsonArray,com.google.gson.JsonArray
main,com.google.gson,JsonArray,asList,3,1,0,401,0,,
main,com.google.gson,JsonArray,equals,3,1,1,416,0,,
main,com.google.gson,JsonArray,hashCode,3,1,0,425,0,,
main,com.google.gson,ToNumberStrategy,readNumber,0,1,1,62,0,,
main,com.google.gson,JsonElement,JsonElement,2,1,0,35,0,,
main,com.google.gson,JsonElement,deepCopy,0,1,0,43,0,,
main,com.google.gson,JsonElement,isJsonArray,3,1,0,51,0,,
main,com.google.gson,JsonElement,isJsonObject,3,1,0,60,0,,
main,com.google.gson,JsonElement,isJsonPrimitive,3,1,0,69,0,,
main,com.google.gson,JsonElement,isJsonNull,3,1,0,78,0,,
main,com.google.gson,JsonElement,getAsJsonObject,6,2,0,88,0,com.google.gson.JsonElement,com.google.gson.JsonElement
main,com.google.gson,JsonElement,getAsJsonArray,6,2,0,104,0,com.google.gson.JsonElement,com.google.gson.JsonElement
main,com.google.gson,JsonElement,getAsJsonPrimitive,6,2,0,119,0,com.google.gson.JsonElement,com.google.gson.JsonElement
main,com.google.gson,JsonElement,getAsJsonNull,6,2,0,135,0,com.google.gson.JsonElement,com.google.gson.JsonElement
main,com.google.gson,JsonElement,getAsBoolean,3,1,0,152,0,,
main,com.google.gson,JsonElement,getAsNumber,3,1,0,165,0,,
main,com.google.gson,JsonElement,getAsString,3,1,0,178,0,,
main,com.google.gson,JsonElement,getAsDouble,3,1,0,191,0,,
main,com.google.gson,JsonElement,getAsFloat,3,1,0,205,0,,
main,com.google.gson,JsonElement,getAsLong,3,1,0,219,0,,
main,com.google.gson,JsonElement,getAsInt,3,1,0,233,0,,
main,com.google.gson,JsonElement,getAsByte,3,1,0,247,0,,
main,com.google.gson,JsonElement,getAsCharacter,3,1,0,262,0,,
main,com.google.gson,JsonElement,getAsBigDecimal,3,1,0,279,0,,
main,com.google.gson,JsonElement,getAsBigInteger,3,1,0,294,0,,
main,com.google.gson,JsonElement,getAsShort,3,1,0,309,0,,
main,com.google.gson,JsonElement,toString,12,1,0,323,0,,
main,com.google.gson,ReflectionAccessFilter,check,3,1,1,114,0,,
main,com.google.gson,ReflectionAccessFilter,toString,3,1,0,121,0,,
main,com.google.gson,ReflectionAccessFilter,check,3,1,1,145,0,,
main,com.google.gson,ReflectionAccessFilter,toString,3,1,0,152,0,,
main,com.google.gson,ReflectionAccessFilter,check,3,1,1,176,0,,
main,com.google.gson,ReflectionAccessFilter,toString,3,1,0,183,0,,
main,com.google.gson,ReflectionAccessFilter,check,3,1,1,208,0,,
main,com.google.gson,ReflectionAccessFilter,toString,3,1,0,215,0,,
main,com.google.gson,ReflectionAccessFilter,check,0,1,1,221,0,,
main,com.google.gson,JsonDeserializer,deserialize,0,1,3,78,0,,
main,com.google.gson,FormattingStyle,FormattingStyle,13,3,3,66,0,,
main,com.google.gson,FormattingStyle,withNewline,3,1,1,82,0,,
main,com.google.gson,FormattingStyle,withIndent,3,1,1,98,0,,
main,com.google.gson,FormattingStyle,withSpaceAfterSeparators,3,1,1,110,0,,
main,com.google.gson,FormattingStyle,getNewline,3,1,0,125,0,,
main,com.google.gson,FormattingStyle,getIndent,3,1,0,134,0,,
main,com.google.gson,FormattingStyle,usesSpaceAfterSeparators,3,1,0,143,0,,
main,com.google.gson,JsonDeserializationContext,deserialize,0,1,2,30,0,,
main,com.google.gson,GsonBuilder,GsonBuilder,2,1,0,118,0,,
main,com.google.gson,GsonBuilder,GsonBuilder,22,1,1,125,0,,
main,com.google.gson,GsonBuilder,setVersion,7,2,1,154,0,,
main,com.google.gson,GsonBuilder,excludeFieldsWithModifiers,5,1,1,178,0,,
main,com.google.gson,GsonBuilder,generateNonExecutableJson,4,1,0,199,0,,
main,com.google.gson,GsonBuilder,excludeFieldsWithoutExposeAnnotation,4,1,0,213,0,,
main,com.google.gson,GsonBuilder,serializeNulls,4,1,0,229,0,,
main,com.google.gson,GsonBuilder,enableComplexMapKeySerialization,4,1,0,242,0,,
main,com.google.gson,GsonBuilder,disableInnerClassSerialization,4,1,0,330,0,,
main,com.google.gson,GsonBuilder,setLongSerializationPolicy,4,1,1,357,0,,
main,com.google.gson,GsonBuilder,setFieldNamingPolicy,3,1,1,371,0,com.google.gson.GsonBuilder,com.google.gson.GsonBuilder
main,com.google.gson,GsonBuilder,setFieldNamingStrategy,4,1,1,382,0,,
main,com.google.gson,GsonBuilder,setObjectToNumberStrategy,4,1,1,400,0,,
main,com.google.gson,GsonBuilder,setNumberToNumberStrategy,4,1,1,414,0,,
main,com.google.gson,GsonBuilder,setExclusionStrategies,7,2,1,428,0,,
main,com.google.gson,GsonBuilder,addSerializationExclusionStrategy,5,1,1,462,0,,
main,com.google.gson,GsonBuilder,addDeserializationExclusionStrategy,5,1,1,483,0,,
main,com.google.gson,GsonBuilder,setPrettyPrinting,3,1,0,504,0,com.google.gson.GsonBuilder,com.google.gson.GsonBuilder
main,com.google.gson,GsonBuilder,setFormattingStyle,4,1,1,518,0,,
main,com.google.gson,GsonBuilder,setLenient,3,1,0,533,0,com.google.gson.GsonBuilder,com.google.gson.GsonBuilder
main,com.google.gson,GsonBuilder,setStrictness,4,1,1,552,0,,
main,com.google.gson,GsonBuilder,disableHtmlEscaping,4,1,0,571,0,,
main,com.google.gson,GsonBuilder,setDateFormat,12,2,1,584,0,,
main,com.google.gson,GsonBuilder,setDateFormat,5,1,1,617,0,com.google.gson.GsonBuilder,com.google.gson.GsonBuilder
main,com.google.gson,GsonBuilder,setDateFormat,6,1,2,645,0,com.google.gson.GsonBuilder,com.google.gson.GsonBuilder
main,com.google.gson,GsonBuilder,checkDateFormatStyle,6,2,1,669,0,,
main,com.google.gson,GsonBuilder,registerTypeAdapter,19,5,2,677,0,com.google.gson.GsonBuilder,com.google.gson.GsonBuilder
main,com.google.gson,GsonBuilder,isTypeObjectOrJsonElement,3,1,1,733,0,,
main,com.google.gson,GsonBuilder,registerTypeAdapterFactory,5,1,1,738,0,,
main,com.google.gson,GsonBuilder,registerTypeHierarchyAdapter,15,4,2,757,0,,
main,com.google.gson,GsonBuilder,serializeSpecialFloatingPointValues,4,1,0,797,0,,
main,com.google.gson,GsonBuilder,disableJdkUnsafe,4,1,0,822,0,,
main,com.google.gson,GsonBuilder,addReflectionAccessFilter,5,1,1,843,0,,
main,com.google.gson,GsonBuilder,create,10,1,0,870,0,com.google.gson.GsonBuilder,com.google.gson.GsonBuilder
main,com.google.gson,GsonBuilder,addTypeAdaptersForDate,28,6,4,912,0,,
main,com.google.gson,JsonNull,JsonNull,2,1,0,34,0,,
main,com.google.gson,JsonNull,deepCopy,3,1,0,44,0,,
main,com.google.gson,JsonNull,hashCode,3,1,0,54,0,,
main,com.google.gson,JsonNull,equals,3,1,1,60,0,,
main,com.google.gson,JsonObject,JsonObject,2,1,0,40,0,,
main,com.google.gson,JsonObject,deepCopy,7,2,0,44,0,com.google.gson.JsonObject,com.google.gson.JsonObject
main,com.google.gson,JsonObject,add,3,1,2,58,0,,
main,com.google.gson,JsonObject,remove,3,1,1,70,0,,
main,com.google.gson,JsonObject,addProperty,3,1,2,83,0,com.google.gson.JsonObject,com.google.gson.JsonObject
main,com.google.gson,JsonObject,addProperty,3,1,2,94,0,com.google.gson.JsonObject,com.google.gson.JsonObject
main,com.google.gson,JsonObject,addProperty,3,1,2,105,0,com.google.gson.JsonObject,com.google.gson.JsonObject
main,com.google.gson,JsonObject,addProperty,3,1,2,116,0,com.google.gson.JsonObject,com.google.gson.JsonObject
main,com.google.gson,JsonObject,entrySet,3,1,0,127,0,,
main,com.google.gson,JsonObject,keySet,3,1,0,137,0,,
main,com.google.gson,JsonObject,size,3,1,0,147,0,,
main,com.google.gson,JsonObject,isEmpty,3,1,0,157,0,,
main,com.google.gson,JsonObject,has,3,1,1,167,0,,
main,com.google.gson,JsonObject,get,3,1,1,177,0,,
main,com.google.gson,JsonObject,getAsJsonPrimitive,3,1,1,187,0,,
main,com.google.gson,JsonObject,getAsJsonArray,3,1,1,199,0,,
main,com.google.gson,JsonObject,getAsJsonObject,3,1,1,211,0,,
main,com.google.gson,JsonObject,asMap,3,1,0,223,0,,
main,com.google.gson,JsonObject,equals,3,1,1,239,0,,
main,com.google.gson,JsonObject,hashCode,3,1,0,248,0,,
main,com.google.gson,JsonIOException,JsonIOException,3,1,1,27,0,,
main,com.google.gson,JsonIOException,JsonIOException,3,1,2,31,0,,
main,com.google.gson,JsonIOException,JsonIOException,3,1,1,35,0,,
main,com.google.gson,FieldAttributes,FieldAttributes,3,1,1,38,0,,
main,com.google.gson,FieldAttributes,getDeclaringClass,3,1,0,47,0,,
main,com.google.gson,FieldAttributes,getName,3,1,0,56,0,,
main,com.google.gson,FieldAttributes,getDeclaredType,3,1,0,65,0,,
main,com.google.gson,FieldAttributes,getDeclaredClass,3,1,0,88,0,,
main,com.google.gson,FieldAttributes,getAnnotation,3,1,1,109,0,,
main,com.google.gson,FieldAttributes,getAnnotations,3,1,0,120,0,,
main,com.google.gson,FieldAttributes,hasModifier,3,1,1,130,0,,
main,com.google.gson,FieldAttributes,toString,3,1,0,145,0,,
main,com.google.gson,JsonSerializer,serialize,0,1,3,76,0,,
main,com.google.gson,Gson,Gson,3,1,0,214,0,,
main,com.google.gson,Gson,Gson,72,2,21,278,0,com.google.gson.Gson,com.google.gson.Gson
main,com.google.gson,Gson,newBuilder,3,1,0,401,0,,
main,com.google.gson,Gson,excluder,3,1,0,412,0,,
main,com.google.gson,Gson,fieldNamingStrategy,3,1,0,421,0,,
main,com.google.gson,Gson,serializeNulls,3,1,0,430,0,,
main,com.google.gson,Gson,htmlSafe,3,1,0,440,0,,
main,com.google.gson,Gson,doubleAdapter,24,4,1,450,0,com.google.gson.Gson,com.google.gson.Gson
main,com.google.gson,Gson,read,7,2,1,455,0,,
main,com.google.gson,Gson,write,9,2,2,464,0,com.google.gson.Gson,com.google.gson.Gson
main,com.google.gson,Gson,floatAdapter,25,4,1,477,0,com.google.gson.Gson,com.google.gson.Gson
main,com.google.gson,Gson,read,7,2,1,482,0,,
main,com.google.gson,Gson,write,10,2,2,491,0,com.google.gson.Gson,com.google.gson.Gson
main,com.google.gson,Gson,checkValidFloatingPoint,5,2,1,507,0,,
main,com.google.gson,Gson,longAdapter,22,4,1,516,0,,
main,com.google.gson,Gson,read,7,2,1,521,0,,
main,com.google.gson,Gson,write,7,2,2,530,0,,
main,com.google.gson,Gson,atomicLongAdapter,12,1,1,541,0,,
main,com.google.gson,Gson,write,3,1,2,543,0,,
main,com.google.gson,Gson,read,4,1,1,548,0,,
main,com.google.gson,Gson,atomicLongArrayAdapter,27,4,1,556,0,,
main,com.google.gson,Gson,write,7,2,2,559,0,,
main,com.google.gson,Gson,read,15,3,1,568,0,,
main,com.google.gson,Gson,getAdapter,46,9,1,587,0,,
main,com.google.gson,Gson,getAdapter,3,1,1,659,0,,
main,com.google.gson,Gson,getDelegateAdapter,26,7,2,669,0,,
main,com.google.gson,Gson,toJsonTree,6,2,1,761,0,com.google.gson.Gson,com.google.gson.Gson
main,com.google.gson,Gson,toJsonTree,5,1,2,782,0,com.google.gson.Gson,com.google.gson.Gson
main,com.google.gson,Gson,toJson,6,2,1,806,0,com.google.gson.Gson,com.google.gson.Gson
main,com.google.gson,Gson,toJson,5,1,2,828,0,com.google.gson.Gson,com.google.gson.Gson
main,com.google.gson,Gson,toJson,8,2,2,852,0,com.google.gson.Gson,com.google.gson.Gson
main,com.google.gson,Gson,toJson,9,1,3,876,0,com.google.gson.Gson,com.google.gson.Gson
main,com.google.gson,Gson,toJson,28,3,3,905,0,,
main,com.google.gson,Gson,toJson,5,1,1,957,0,,
main,com.google.gson,Gson,toJson,9,1,2,970,0,com.google.gson.Gson,com.google.gson.Gson
main,com.google.gson,Gson,toJson,27,3,2,987,0,,
main,com.google.gson,Gson,newJsonWriter,11,2,1,1036,0,,
main,com.google.gson,Gson,newJsonReader,5,1,1,1065,0,,
main,com.google.gson,Gson,fromJson,4,1,2,1083,0,,
main,com.google.gson,Gson,fromJson,3,1,2,1111,0,,
main,com.google.gson,Gson,fromJson,7,2,2,1140,0,,
main,com.google.gson,Gson,fromJson,4,1,2,1174,0,,
main,com.google.gson,Gson,fromJson,3,1,2,1203,0,,
main,com.google.gson,Gson,fromJson,6,1,2,1233,0,com.google.gson.Gson,com.google.gson.Gson
main,com.google.gson,Gson,fromJson,3,1,2,1271,0,,
main,com.google.gson,Gson,fromJson,34,4,2,1309,0,,
main,com.google.gson,Gson,fromJson,4,1,2,1384,0,,
main,com.google.gson,Gson,fromJson,3,1,2,1410,0,,
main,com.google.gson,Gson,fromJson,6,2,2,1437,0,,
main,com.google.gson,Gson,assertFullConsumption,13,2,2,1466,0,,
main,com.google.gson,Gson,toString,3,1,0,1525,0,,
main,com.google.gson,TypeAdapter,TypeAdapter,2,1,0,123,0,,
main,com.google.gson,TypeAdapter,write,0,1,2,125,0,,
main,com.google.gson,TypeAdapter,toJson,4,1,2,132,0,com.google.gson.TypeAdapter,com.google.gson.TypeAdapter
main,com.google.gson,TypeAdapter,toJson,10,1,1,147,0,com.google.gson.TypeAdapter,com.google.gson.TypeAdapter
main,com.google.gson,TypeAdapter,toJsonTree,10,1,1,169,0,com.google.gson.TypeAdapter,com.google.gson.TypeAdapter
main,com.google.gson,TypeAdapter,read,0,1,1,188,0,,
main,com.google.gson,TypeAdapter,fromJson,4,1,1,196,0,com.google.gson.TypeAdapter,com.google.gson.TypeAdapter
main,com.google.gson,TypeAdapter,fromJson,3,1,1,215,0,com.google.gson.TypeAdapter,com.google.gson.TypeAdapter
main,com.google.gson,TypeAdapter,fromJsonTree,9,1,1,233,0,com.google.gson.TypeAdapter,com.google.gson.TypeAdapter
main,com.google.gson,TypeAdapter,nullSafe,20,3,0,250,0,com.google.gson.TypeAdapter,com.google.gson.TypeAdapter
main,com.google.gson,TypeAdapter,write,8,2,2,293,0,com.google.gson.TypeAdapter,com.google.gson.TypeAdapter
main,com.google.gson,TypeAdapter,read,7,2,1,302,0,com.google.gson.TypeAdapter,com.google.gson.TypeAdapter
main,com.google.gson,JsonPrimitive,JsonPrimitive,3,1,1,36,0,,
main,com.google.gson,JsonPrimitive,JsonPrimitive,3,1,1,49,0,,
main,com.google.gson,JsonPrimitive,JsonPrimitive,3,1,1,59,0,,
main,com.google.gson,JsonPrimitive,JsonPrimitive,3,1,1,69,0,,
main,com.google.gson,JsonPrimitive,deepCopy,3,1,0,85,0,,
main,com.google.gson,JsonPrimitive,isBoolean,3,1,0,95,0,,
main,com.google.gson,JsonPrimitive,getAsBoolean,6,2,0,104,0,com.google.gson.JsonPrimitive,com.google.gson.JsonPrimitive
main,com.google.gson,JsonPrimitive,isNumber,3,1,0,119,0,,
main,com.google.gson,JsonPrimitive,getAsNumber,9,3,0,128,0,,
main,com.google.gson,JsonPrimitive,isString,3,1,0,145,0,,
main,com.google.gson,JsonPrimitive,getAsString,12,4,0,155,0,com.google.gson.JsonPrimitive,com.google.gson.JsonPrimitive
main,com.google.gson,JsonPrimitive,getAsDouble,3,1,0,167,0,com.google.gson.JsonPrimitive,com.google.gson.JsonPrimitive
main,com.google.gson,JsonPrimitive,getAsBigDecimal,3,1,0,175,0,com.google.gson.JsonPrimitive,com.google.gson.JsonPrimitive
main,com.google.gson,JsonPrimitive,getAsBigInteger,3,1,0,185,0,com.google.gson.JsonPrimitive,com.google.gson.JsonPrimitive
main,com.google.gson,JsonPrimitive,getAsFloat,3,1,0,197,0,com.google.gson.JsonPrimitive,com.google.gson.JsonPrimitive
main,com.google.gson,JsonPrimitive,getAsLong,3,1,0,205,0,com.google.gson.JsonPrimitive,com.google.gson.JsonPrimitive
main,com.google.gson,JsonPrimitive,getAsShort,3,1,0,216,0,com.google.gson.JsonPrimitive,com.google.gson.JsonPrimitive
main,com.google.gson,JsonPrimitive,getAsInt,3,1,0,224,0,com.google.gson.JsonPrimitive,com.google.gson.JsonPrimitive
main,com.google.gson,JsonPrimitive,getAsByte,3,1,0,232,0,com.google.gson.JsonPrimitive,com.google.gson.JsonPrimitive
main,com.google.gson,JsonPrimitive,getAsCharacter,9,2,0,240,0,com.google.gson.JsonPrimitive,com.google.gson.JsonPrimitive
main,com.google.gson,JsonPrimitive,hashCode,14,4,0,256,0,com.google.gson.JsonPrimitive,com.google.gson.JsonPrimitive
main,com.google.gson,JsonPrimitive,equals,24,7,1,274,0,com.google.gson.JsonPrimitive,com.google.gson.JsonPrimitive
main,com.google.gson,JsonPrimitive,isIntegral,7,2,1,310,0,,
main,com.google.gson,JsonSyntaxException,JsonSyntaxException,3,1,1,28,0,,
main,com.google.gson,JsonSyntaxException,JsonSyntaxException,3,1,2,32,0,,
main,com.google.gson,JsonSyntaxException,JsonSyntaxException,3,1,1,36,0,,
main,com.google.gson,JsonParser,JsonParser,2,1,0,74,0,,
main,com.google.gson,JsonParser,parseString,3,1,1,80,0,com.google.gson.JsonParser,com.google.gson.JsonParser
main,com.google.gson,JsonParser,parseReader,19,2,1,95,0,com.google.gson.JsonParser,com.google.gson.JsonParser
main,com.google.gson,JsonParser,parseReader,18,2,1,124,0,,
main,com.google.gson,JsonParser,parse,3,1,1,156,0,com.google.gson.JsonParser,com.google.gson.JsonParser
main,com.google.gson,JsonParser,parse,3,1,1,165,0,com.google.gson.JsonParser,com.google.gson.JsonParser
main,com.google.gson,JsonParser,parse,3,1,1,174,0,com.google.gson.JsonParser,com.google.gson.JsonParser
main,com.google.gson,JsonSerializationContext,serialize,0,1,1,30,0,,
main,com.google.gson,JsonSerializationContext,serialize,0,1,2,38,0,,
main,com.google.gson,JsonParseException,JsonParseException,3,1,1,35,0,,
main,com.google.gson,JsonParseException,JsonParseException,3,1,2,45,0,,
main,com.google.gson,JsonParseException,JsonParseException,3,1,1,55,0,,
main,com.google.gson,TypeAdapterFactory,create,0,1,2,166,0,,
main,com.google.gson,InstanceCreator,createInstance,0,1,1,82,0,,
main,com.google.gson,JsonStreamParser,JsonStreamParser,3,1,1,55,0,,
main,com.google.gson,JsonStreamParser,JsonStreamParser,5,1,1,63,0,,
main,com.google.gson,JsonStreamParser,next,14,2,0,73,0,com.google.gson.JsonStreamParser,com.google.gson.JsonStreamParser
main,com.google.gson,JsonStreamParser,hasNext,13,1,0,97,0,,
main,com.google.gson,JsonStreamParser,remove,3,1,0,117,0,,
main,com.google.gson,FieldNamingStrategy,translateName,0,1,1,32,0,,
main,com.google.gson,ExclusionStrategy,shouldSkipField,0,1,1,96,0,,
main,com.google.gson,ExclusionStrategy,shouldSkipClass,0,1,1,104,0,,
main,com.google.gson.stream,JsonScope,JsonScope,2,1,0,26,0,,
main,com.google.gson.stream,JsonReader,JsonReader,3,1,1,310,0,,
main,com.google.gson.stream,JsonReader,setLenient,3,1,1,315,0,com.google.gson.stream.JsonReader,com.google.gson.stream.JsonReader
main,com.google.gson.stream,JsonReader,isLenient,3,1,0,336,0,,
main,com.google.gson.stream,JsonReader,setStrictness,4,1,1,345,0,,
main,com.google.gson.stream,JsonReader,getStrictness,3,1,0,404,0,,
main,com.google.gson.stream,JsonReader,beginArray,14,3,0,414,0,com.google.gson.stream.JsonReader,com.google.gson.stream.JsonReader
main,com.google.gson.stream,JsonReader,endArray,14,3,0,432,0,com.google.gson.stream.JsonReader,com.google.gson.stream.JsonReader
main,com.google.gson.stream,JsonReader,beginObject,13,3,0,450,0,com.google.gson.stream.JsonReader,com.google.gson.stream.JsonReader
main,com.google.gson.stream,JsonReader,endObject,15,3,0,467,0,com.google.gson.stream.JsonReader,com.google.gson.stream.JsonReader
main,com.google.gson.stream,JsonReader,hasNext,7,2,0,486,0,com.google.gson.stream.JsonReader,com.google.gson.stream.JsonReader
main,com.google.gson.stream,JsonReader,peek,0,19,0,495,0,com.google.gson.stream.JsonReader,com.google.gson.stream.JsonReader
main,com.google.gson.stream,JsonReader,doPeek,0,37,0,535,0,com.google.gson.stream.JsonReader,com.google.gson.stream.JsonReader
main,com.google.gson.stream,JsonReader,peekKeyword,41,8,0,672,0,com.google.gson.stream.JsonReader,com.google.gson.stream.JsonReader
main,com.google.gson.stream,JsonReader,peekNumber,0,24,0,721,0,com.google.gson.stream.JsonReader,com.google.gson.stream.JsonReader
main,com.google.gson.stream,JsonReader,isLiteral,0,17,1,831,0,com.google.gson.stream.JsonReader,com.google.gson.stream.JsonReader
main,com.google.gson.stream,JsonReader,nextName,22,5,0,857,0,com.google.gson.stream.JsonReader,com.google.gson.stream.JsonReader
main,com.google.gson.stream,JsonReader,nextString,33,8,0,882,0,com.google.gson.stream.JsonReader,com.google.gson.stream.JsonReader
main,com.google.gson.stream,JsonReader,nextBoolean,17,4,0,916,0,com.google.gson.stream.JsonReader,com.google.gson.stream.JsonReader
main,com.google.gson.stream,JsonReader,nextNull,13,3,0,938,0,com.google.gson.stream.JsonReader,com.google.gson.stream.JsonReader
main,com.google.gson.stream,JsonReader,nextDouble,33,8,0,956,0,com.google.gson.stream.JsonReader,com.google.gson.stream.JsonReader
main,com.google.gson.stream,JsonReader,nextLong,44,7,0,1000,0,com.google.gson.stream.JsonReader,com.google.gson.stream.JsonReader
main,com.google.gson.stream,JsonReader,nextQuotedValue,52,11,1,1054,0,com.google.gson.stream.JsonReader,com.google.gson.stream.JsonReader
main,com.google.gson.stream,JsonReader,nextUnquotedValue,0,23,0,1117,0,com.google.gson.stream.JsonReader,com.google.gson.stream.JsonReader
main,com.google.gson.stream,JsonReader,skipQuotedValue,27,6,1,1177,0,com.google.gson.stream.JsonReader,com.google.gson.stream.JsonReader
main,com.google.gson.stream,JsonReader,skipUnquotedValue,0,19,0,1204,0,com.google.gson.stream.JsonReader,com.google.gson.stream.JsonReader
main,com.google.gson.stream,JsonReader,nextInt,49,8,0,1237,0,com.google.gson.stream.JsonReader,com.google.gson.stream.JsonReader
main,com.google.gson.stream,JsonReader,close,6,1,0,1296,0,,
main,com.google.gson.stream,JsonReader,skipValue,0,19,0,1305,0,com.google.gson.stream.JsonReader,com.google.gson.stream.JsonReader
main,com.google.gson.stream,JsonReader,push,9,2,1,1398,0,,
main,com.google.gson.stream,JsonReader,fillBuffer,25,5,1,1408,0,,
main,com.google.gson.stream,JsonReader,nextNonWhitespace,0,14,1,1441,0,com.google.gson.stream.JsonReader,com.google.gson.stream.JsonReader
main,com.google.gson.stream,JsonReader,checkLenient,5,2,0,1535,0,com.google.gson.stream.JsonReader,com.google.gson.stream.JsonReader
main,com.google.gson.stream,JsonReader,skipToEndOfLine,13,4,0,1542,0,com.google.gson.stream.JsonReader,com.google.gson.stream.JsonReader
main,com.google.gson.stream,JsonReader,skipTo,17,5,1,1559,0,com.google.gson.stream.JsonReader,com.google.gson.stream.JsonReader
main,com.google.gson.stream,JsonReader,toString,3,1,0,1581,0,com.google.gson.stream.JsonReader,com.google.gson.stream.JsonReader
main,com.google.gson.stream,JsonReader,locationString,5,1,0,1586,0,com.google.gson.stream.JsonReader,com.google.gson.stream.JsonReader
main,com.google.gson.stream,JsonReader,getPath,0,12,1,1592,0,,
main,com.google.gson.stream,JsonReader,getPath,3,1,0,1625,0,com.google.gson.stream.JsonReader,com.google.gson.stream.JsonReader
main,com.google.gson.stream,JsonReader,getPreviousPath,3,1,0,1643,0,com.google.gson.stream.JsonReader,com.google.gson.stream.JsonReader
main,com.google.gson.stream,JsonReader,readEscapeCharacter,0,20,0,1661,0,com.google.gson.stream.JsonReader,com.google.gson.stream.JsonReader
main,com.google.gson.stream,JsonReader,syntaxError,3,1,1,1735,0,com.google.gson.stream.JsonReader,com.google.gson.stream.JsonReader
main,com.google.gson.stream,JsonReader,unexpectedTokenError,5,1,1,1744,0,com.google.gson.stream.JsonReader,com.google.gson.stream.JsonReader
main,com.google.gson.stream,JsonReader,consumeNonExecutePrefix,13,3,0,1758,0,com.google.gson.stream.JsonReader,com.google.gson.stream.JsonReader
main,com.google.gson.stream,JsonReader,promoteNameToValue,22,6,1,1785,0,com.google.gson.stream.JsonReader,com.google.gson.stream.JsonReader
main,com.google.gson.stream,JsonWriter,JsonWriter,4,1,1,227,0,com.google.gson.stream.JsonWriter,com.google.gson.stream.JsonWriter
main,com.google.gson.stream,JsonWriter,setIndent,8,2,1,237,0,com.google.gson.stream.JsonWriter,com.google.gson.stream.JsonWriter
main,com.google.gson.stream,JsonWriter,setFormattingStyle,14,3,1,257,0,,
main,com.google.gson.stream,JsonWriter,getFormattingStyle,3,1,0,285,0,,
main,com.google.gson.stream,JsonWriter,setLenient,3,1,1,295,0,com.google.gson.stream.JsonWriter,com.google.gson.stream.JsonWriter
main,com.google.gson.stream,JsonWriter,isLenient,3,1,0,316,0,,
main,com.google.gson.stream,JsonWriter,setStrictness,3,1,1,325,0,,
main,com.google.gson.stream,JsonWriter,getStrictness,3,1,0,348,0,,
main,com.google.gson.stream,JsonWriter,setHtmlSafe,3,1,1,358,0,,
main,com.google.gson.stream,JsonWriter,isHtmlSafe,3,1,0,368,0,,
main,com.google.gson.stream,JsonWriter,setSerializeNulls,3,1,1,375,0,,
main,com.google.gson.stream,JsonWriter,getSerializeNulls,3,1,0,383,0,,
main,com.google.gson.stream,JsonWriter,beginArray,4,1,0,391,0,com.google.gson.stream.JsonWriter,com.google.gson.stream.JsonWriter
main,com.google.gson.stream,JsonWriter,endArray,3,1,0,403,0,com.google.gson.stream.JsonWriter,com.google.gson.stream.JsonWriter
main,com.google.gson.stream,JsonWriter,beginObject,4,1,0,413,0,com.google.gson.stream.JsonWriter,com.google.gson.stream.JsonWriter
main,com.google.gson.stream,JsonWriter,endObject,3,1,0,425,0,com.google.gson.stream.JsonWriter,com.google.gson.stream.JsonWriter
main,com.google.gson.stream,JsonWriter,openScope,6,1,2,435,0,com.google.gson.stream.JsonWriter,com.google.gson.stream.JsonWriter
main,com.google.gson.stream,JsonWriter,closeScope,15,4,3,444,0,com.google.gson.stream.JsonWriter,com.google.gson.stream.JsonWriter
main,com.google.gson.stream,JsonWriter,push,6,2,1,463,0,,
main,com.google.gson.stream,JsonWriter,peek,6,2,0,470,0,,
main,com.google.gson.stream,JsonWriter,replaceTop,3,1,1,478,0,,
main,com.google.gson.stream,JsonWriter,name,12,3,1,483,0,com.google.gson.stream.JsonWriter,com.google.gson.stream.JsonWriter
main,com.google.gson.stream,JsonWriter,writeDeferredName,7,2,0,503,0,com.google.gson.stream.JsonWriter,com.google.gson.stream.JsonWriter
main,com.google.gson.stream,JsonWriter,value,9,2,1,511,0,com.google.gson.stream.JsonWriter,com.google.gson.stream.JsonWriter
main,com.google.gson.stream,JsonWriter,value,6,1,1,528,0,com.google.gson.stream.JsonWriter,com.google.gson.stream.JsonWriter
main,com.google.gson.stream,JsonWriter,value,9,2,1,541,0,com.google.gson.stream.JsonWriter,com.google.gson.stream.JsonWriter
main,com.google.gson.stream,JsonWriter,value,9,2,1,558,0,com.google.gson.stream.JsonWriter,com.google.gson.stream.JsonWriter
main,com.google.gson.stream,JsonWriter,value,9,2,1,579,0,com.google.gson.stream.JsonWriter,com.google.gson.stream.JsonWriter
main,com.google.gson.stream,JsonWriter,value,6,1,1,599,0,com.google.gson.stream.JsonWriter,com.google.gson.stream.JsonWriter
main,com.google.gson.stream,JsonWriter,value,21,5,1,612,0,com.google.gson.stream.JsonWriter,com.google.gson.stream.JsonWriter
main,com.google.gson.stream,JsonWriter,nullValue,14,3,0,650,0,com.google.gson.stream.JsonWriter,com.google.gson.stream.JsonWriter
main,com.google.gson.stream,JsonWriter,jsonValue,9,2,1,670,0,com.google.gson.stream.JsonWriter,com.google.gson.stream.JsonWriter
main,com.google.gson.stream,JsonWriter,flush,6,2,0,691,0,,
main,com.google.gson.stream,JsonWriter,close,8,2,0,702,0,,
main,com.google.gson.stream,JsonWriter,isTrustedNumberType,3,1,1,718,0,,
main,com.google.gson.stream,JsonWriter,string,34,8,1,737,0,,
main,com.google.gson.stream,JsonWriter,newline,9,3,0,769,0,,
main,com.google.gson.stream,JsonWriter,beforeName,11,3,0,780,0,com.google.gson.stream.JsonWriter,com.google.gson.stream.JsonWriter
main,com.google.gson.stream,JsonWriter,beforeValue,0,7,0,795,0,com.google.gson.stream.JsonWriter,com.google.gson.stream.JsonWriter
main,com.google.gson.stream,MalformedJsonException,MalformedJsonException,3,1,1,29,0,,
main,com.google.gson.stream,MalformedJsonException,MalformedJsonException,3,1,2,33,0,,
main,com.google.gson.stream,MalformedJsonException,MalformedJsonException,3,1,1,37,0,,
main,com.google.gson.reflect,TypeToken,TypeToken,5,1,0,59,0,com.google.gson.reflect.TypeToken,com.google.gson.reflect.TypeToken
main,com.google.gson.reflect,TypeToken,TypeToken,5,1,1,79,0,,
main,com.google.gson.reflect,TypeToken,isCapturingTypeVariablesForbidden,3,1,0,87,0,,
main,com.google.gson.reflect,TypeToken,getTypeTokenTypeArgument,17,5,0,91,0,com.google.gson.reflect.TypeToken,com.google.gson.reflect.TypeToken
main,com.google.gson.reflect,TypeToken,verifyNoTypeVariable,31,10,1,121,0,com.google.gson.reflect.TypeToken,com.google.gson.reflect.TypeToken
main,com.google.gson.reflect,TypeToken,getRawType,3,1,0,160,0,,
main,com.google.gson.reflect,TypeToken,getType,3,1,0,165,0,,
main,com.google.gson.reflect,TypeToken,isAssignableFrom,3,1,1,170,0,,
main,com.google.gson.reflect,TypeToken,isAssignableFrom,20,6,1,180,0,com.google.gson.reflect.TypeToken,com.google.gson.reflect.TypeToken
main,com.google.gson.reflect,TypeToken,isAssignableFrom,3,1,1,208,0,com.google.gson.reflect.TypeToken,com.google.gson.reflect.TypeToken
main,com.google.gson.reflect,TypeToken,isAssignableFrom,18,5,2,218,0,com.google.gson.reflect.TypeToken,com.google.gson.reflect.TypeToken
main,com.google.gson.reflect,TypeToken,isAssignableFrom,36,10,3,243,0,com.google.gson.reflect.TypeToken,com.google.gson.reflect.TypeToken
main,com.google.gson.reflect,TypeToken,typeEquals,13,4,3,293,0,com.google.gson.reflect.TypeToken,com.google.gson.reflect.TypeToken
main,com.google.gson.reflect,TypeToken,buildUnsupportedTypeException,8,2,2,312,0,,
main,com.google.gson.reflect,TypeToken,matches,3,1,3,329,0,,
main,com.google.gson.reflect,TypeToken,hashCode,3,1,0,339,0,,
main,com.google.gson.reflect,TypeToken,equals,3,1,1,344,0,,
main,com.google.gson.reflect,TypeToken,toString,3,1,0,349,0,,
main,com.google.gson.reflect,TypeToken,get,3,1,1,354,0,,
main,com.google.gson.reflect,TypeToken,get,3,1,1,359,0,,
main,com.google.gson.reflect,TypeToken,getParameterized,32,8,2,364,0,,
main,com.google.gson.reflect,TypeToken,getArray,3,1,1,446,0,,
main,com.google.gson.internal,LinkedTreeMap,compare,3,1,2,48,0,,
main,com.google.gson.internal,LinkedTreeMap,LinkedTreeMap,3,1,0,63,0,,
main,com.google.gson.internal,LinkedTreeMap,LinkedTreeMap,3,1,1,72,0,,
main,com.google.gson.internal,LinkedTreeMap,LinkedTreeMap,5,1,2,82,0,,
main,com.google.gson.internal,LinkedTreeMap,size,3,1,0,98,0,,
main,com.google.gson.internal,LinkedTreeMap,get,4,1,1,103,0,com.google.gson.internal.LinkedTreeMap,com.google.gson.internal.LinkedTreeMap
main,com.google.gson.internal,LinkedTreeMap,containsKey,3,1,1,109,0,com.google.gson.internal.LinkedTreeMap,com.google.gson.internal.LinkedTreeMap
main,com.google.gson.internal,LinkedTreeMap,put,12,3,2,114,0,com.google.gson.internal.LinkedTreeMap,com.google.gson.internal.LinkedTreeMap
main,com.google.gson.internal,LinkedTreeMap,clear,7,1,0,129,0,,
main,com.google.gson.internal,LinkedTreeMap,remove,4,1,1,140,0,com.google.gson.internal.LinkedTreeMap,com.google.gson.internal.LinkedTreeMap
main,com.google.gson.internal,LinkedTreeMap,find,44,9,2,146,0,com.google.gson.internal.LinkedTreeMap,com.google.gson.internal.LinkedTreeMap
main,com.google.gson.internal,LinkedTreeMap,findByObject,8,1,1,213,0,com.google.gson.internal.LinkedTreeMap,com.google.gson.internal.LinkedTreeMap
main,com.google.gson.internal,LinkedTreeMap,findByEntry,5,1,1,222,0,com.google.gson.internal.LinkedTreeMap,com.google.gson.internal.LinkedTreeMap
main,com.google.gson.internal,LinkedTreeMap,equal,3,1,2,236,0,,
main,com.google.gson.internal,LinkedTreeMap,removeInternal,46,7,2,240,0,com.google.gson.internal.LinkedTreeMap,com.google.gson.internal.LinkedTreeMap
main,com.google.gson.internal,LinkedTreeMap,removeInternalByKey,7,2,1,304,0,com.google.gson.internal.LinkedTreeMap,com.google.gson.internal.LinkedTreeMap
main,com.google.gson.internal,LinkedTreeMap,replaceInParent,19,4,2,312,0,,
main,com.google.gson.internal,LinkedTreeMap,rebalance,58,11,2,332,0,com.google.gson.internal.LinkedTreeMap,com.google.gson.internal.LinkedTreeMap
main,com.google.gson.internal,LinkedTreeMap,rotateLeft,15,2,1,398,0,com.google.gson.internal.LinkedTreeMap,com.google.gson.internal.LinkedTreeMap
main,com.google.gson.internal,LinkedTreeMap,rotateRight,15,2,1,423,0,com.google.gson.internal.LinkedTreeMap,com.google.gson.internal.LinkedTreeMap
main,com.google.gson.internal,LinkedTreeMap,entrySet,4,1,0,451,0,,
main,com.google.gson.internal,LinkedTreeMap,keySet,4,1,0,457,0,,
main,com.google.gson.internal,LinkedTreeMap,writeReplace,3,1,0,666,0,,
main,com.google.gson.internal,LinkedTreeMap,readObject,3,1,1,675,0,,
main,com.google.gson.internal,PreJava9DateFormatProvider,PreJava9DateFormatProvider,2,1,0,24,0,,
main,com.google.gson.internal,PreJava9DateFormatProvider,getUsDateTimeFormat,4,1,2,26,0,com.google.gson.internal.PreJava9DateFormatProvider,com.google.gson.internal.PreJava9DateFormatProvider
main,com.google.gson.internal,PreJava9DateFormatProvider,getDatePartOfDateTimePattern,0,5,1,36,0,,
main,com.google.gson.internal,PreJava9DateFormatProvider,getTimePartOfDateTimePattern,0,5,1,51,0,,
main,com.google.gson.internal,LazilyParsedNumber,LazilyParsedNumber,3,1,1,33,0,,
main,com.google.gson.internal,LazilyParsedNumber,asBigDecimal,3,1,0,40,0,,
main,com.google.gson.internal,LazilyParsedNumber,intValue,13,1,0,44,0,com.google.gson.internal.LazilyParsedNumber,com.google.gson.internal.LazilyParsedNumber
main,com.google.gson.internal,LazilyParsedNumber,longValue,8,1,0,57,0,com.google.gson.internal.LazilyParsedNumber,com.google.gson.internal.LazilyParsedNumber
main,com.google.gson.internal,LazilyParsedNumber,floatValue,3,1,0,66,0,,
main,com.google.gson.internal,LazilyParsedNumber,doubleValue,3,1,0,71,0,,
main,com.google.gson.internal,LazilyParsedNumber,toString,3,1,0,76,0,,
main,com.google.gson.internal,LazilyParsedNumber,writeReplace,3,1,0,81,0,com.google.gson.internal.LazilyParsedNumber,com.google.gson.internal.LazilyParsedNumber
main,com.google.gson.internal,LazilyParsedNumber,readObject,3,1,1,89,0,,
main,com.google.gson.internal,LazilyParsedNumber,hashCode,3,1,0,95,0,,
main,com.google.gson.internal,LazilyParsedNumber,equals,10,3,1,100,0,,
main,com.google.gson.internal,UnsafeAllocator,newInstance,0,1,1,31,0,,
main,com.google.gson.internal,UnsafeAllocator,assertInstantiable,6,2,1,33,0,,
main,com.google.gson.internal,UnsafeAllocator,create,53,1,0,48,0,com.google.gson.internal.UnsafeAllocator,com.google.gson.internal.UnsafeAllocator
main,com.google.gson.internal,UnsafeAllocator,newInstance,4,1,1,60,0,com.google.gson.internal.UnsafeAllocator,com.google.gson.internal.UnsafeAllocator
main,com.google.gson.internal,UnsafeAllocator,newInstance,4,1,1,85,0,com.google.gson.internal.UnsafeAllocator,com.google.gson.internal.UnsafeAllocator
main,com.google.gson.internal,UnsafeAllocator,newInstance,4,1,1,106,0,com.google.gson.internal.UnsafeAllocator,com.google.gson.internal.UnsafeAllocator
main,com.google.gson.internal,UnsafeAllocator,newInstance,3,1,1,119,0,,
main,com.google.gson.internal,ObjectConstructor,construct,0,1,0,29,0,,
main,com.google.gson.internal,TroubleshootingGuide,TroubleshootingGuide,2,1,0,4,0,,
main,com.google.gson.internal,TroubleshootingGuide,createUrl,3,1,1,6,0,,
main,com.google.gson.internal,NonNullElementWrapperList,NonNullElementWrapperList,3,1,1,35,0,,
main,com.google.gson.internal,NonNullElementWrapperList,get,3,1,1,40,0,,
main,com.google.gson.internal,NonNullElementWrapperList,size,3,1,0,45,0,,
main,com.google.gson.internal,NonNullElementWrapperList,nonNull,6,2,1,50,0,,
main,com.google.gson.internal,NonNullElementWrapperList,set,3,1,2,57,0,com.google.gson.internal.NonNullElementWrapperList,com.google.gson.internal.NonNullElementWrapperList
main,com.google.gson.internal,NonNullElementWrapperList,add,3,1,2,62,0,com.google.gson.internal.NonNullElementWrapperList,com.google.gson.internal.NonNullElementWrapperList
main,com.google.gson.internal,NonNullElementWrapperList,remove,3,1,1,67,0,,
main,com.google.gson.internal,NonNullElementWrapperList,clear,3,1,0,74,0,,
main,com.google.gson.internal,NonNullElementWrapperList,remove,3,1,1,79,0,,
main,com.google.gson.internal,NonNullElementWrapperList,removeAll,3,1,1,85,0,,
main,com.google.gson.internal,NonNullElementWrapperList,retainAll,3,1,1,90,0,,
main,com.google.gson.internal,NonNullElementWrapperList,contains,3,1,1,95,0,,
main,com.google.gson.internal,NonNullElementWrapperList,indexOf,3,1,1,100,0,,
main,com.google.gson.internal,NonNullElementWrapperList,lastIndexOf,3,1,1,105,0,,
main,com.google.gson.internal,NonNullElementWrapperList,toArray,3,1,0,110,0,,
main,com.google.gson.internal,NonNullElementWrapperList,toArray,3,1,1,115,0,,
main,com.google.gson.internal,NonNullElementWrapperList,equals,3,1,1,120,0,,
main,com.google.gson.internal,NonNullElementWrapperList,hashCode,3,1,0,125,0,,
main,com.google.gson.internal,NumberLimits,NumberLimits,2,1,0,11,0,,
main,com.google.gson.internal,NumberLimits,checkNumberStringLength,5,2,1,15,0,,
main,com.google.gson.internal,NumberLimits,parseBigDecimal,8,2,1,21,0,com.google.gson.internal.NumberLimits,com.google.gson.internal.NumberLimits
main,com.google.gson.internal,NumberLimits,parseBigInteger,4,1,1,32,0,com.google.gson.internal.NumberLimits,com.google.gson.internal.NumberLimits
main,com.google.gson.internal,JsonReaderInternalAccess,promoteNameToValue,0,1,1,29,0,,
main,com.google.gson.internal,$Gson$Preconditions,$Gson$Preconditions,3,1,0,35,0,,
main,com.google.gson.internal,$Gson$Preconditions,checkNotNull,6,2,1,39,0,,
main,com.google.gson.internal,$Gson$Preconditions,checkArgument,5,2,1,52,0,,
main,com.google.gson.internal,Excluder,clone,8,1,0,60,0,,
main,com.google.gson.internal,Excluder,withVersion,5,1,1,69,0,com.google.gson.internal.Excluder,com.google.gson.internal.Excluder
main,com.google.gson.internal,Excluder,withModifiers,8,2,1,75,0,com.google.gson.internal.Excluder,com.google.gson.internal.Excluder
main,com.google.gson.internal,Excluder,disableInnerClassSerialization,5,1,0,84,0,com.google.gson.internal.Excluder,com.google.gson.internal.Excluder
main,com.google.gson.internal,Excluder,excludeFieldsWithoutExposeAnnotation,5,1,0,90,0,com.google.gson.internal.Excluder,com.google.gson.internal.Excluder
main,com.google.gson.internal,Excluder,withExclusionStrategy,12,3,3,96,0,com.google.gson.internal.Excluder,com.google.gson.internal.Excluder
main,com.google.gson.internal,Excluder,create,33,4,2,110,0,com.google.gson.internal.Excluder,com.google.gson.internal.Excluder
main,com.google.gson.internal,Excluder,read,7,2,1,128,0,,
main,com.google.gson.internal,Excluder,write,7,2,2,137,0,,
main,com.google.gson.internal,Excluder,delegate,4,1,0,146,0,,
main,com.google.gson.internal,Excluder,excludeField,30,10,2,155,0,com.google.gson.internal.Excluder,com.google.gson.internal.Excluder
main,com.google.gson.internal,Excluder,excludeClass,18,6,2,194,0,com.google.gson.internal.Excluder,com.google.gson.internal.Excluder
main,com.google.gson.internal,Excluder,isInnerClass,3,1,1,231,0,,
main,com.google.gson.internal,Excluder,isValidVersion,3,1,2,235,0,com.google.gson.internal.Excluder,com.google.gson.internal.Excluder
main,com.google.gson.internal,Excluder,isValidSince,7,2,1,239,0,,
main,com.google.gson.internal,Excluder,isValidUntil,7,2,1,247,0,,
main,com.google.gson.internal,JavaVersion,determineMajorJavaVersion,4,1,0,28,0,com.google.gson.internal.JavaVersion,com.google.gson.internal.JavaVersion
main,com.google.gson.internal,JavaVersion,parseMajorJavaVersion,10,3,1,34,0,com.google.gson.internal.JavaVersion,com.google.gson.internal.JavaVersion
main,com.google.gson.internal,JavaVersion,parseDotted,15,2,1,46,0,,
main,com.google.gson.internal,JavaVersion,extractBeginningInt,18,3,1,60,0,,
main,com.google.gson.internal,JavaVersion,getMajorJavaVersion,3,1,0,77,0,,
main,com.google.gson.internal,JavaVersion,isJava9OrLater,3,1,0,86,0,,
main,com.google.gson.internal,JavaVersion,JavaVersion,2,1,0,96,0,,
main,com.google.gson.internal,ReflectionAccessFilterHelper,ReflectionAccessFilterHelper,2,1,0,27,0,,
main,com.google.gson.internal,ReflectionAccessFilterHelper,isJavaType,3,1,1,33,0,,
main,com.google.gson.internal,ReflectionAccessFilterHelper,isJavaType,3,1,1,37,0,,
main,com.google.gson.internal,ReflectionAccessFilterHelper,isAndroidType,3,1,1,41,0,,
main,com.google.gson.internal,ReflectionAccessFilterHelper,isAndroidType,3,1,1,45,0,,
main,com.google.gson.internal,ReflectionAccessFilterHelper,isAnyPlatformType,4,1,1,51,0,,
main,com.google.gson.internal,ReflectionAccessFilterHelper,getFilterResult,9,3,2,59,0,,
main,com.google.gson.internal,ReflectionAccessFilterHelper,canAccess,3,1,2,75,0,,
main,com.google.gson.internal,$Gson$Types,$Gson$Types,3,1,0,48,0,,
main,com.google.gson.internal,$Gson$Types,newParameterizedTypeWithOwner,3,1,3,52,0,,
main,com.google.gson.internal,$Gson$Types,arrayOf,3,1,1,63,0,,
main,com.google.gson.internal,$Gson$Types,subtypeOf,10,2,1,72,0,,
main,com.google.gson.internal,$Gson$Types,supertypeOf,10,2,1,88,0,,
main,com.google.gson.internal,$Gson$Types,canonicalize,21,5,1,102,0,com.google.gson.internal.$Gson$Types,com.google.gson.internal.$Gson$Types
main,com.google.gson.internal,$Gson$Types,getRawType,27,6,1,130,0,com.google.gson.internal.$Gson$Types,com.google.gson.internal.$Gson$Types
main,com.google.gson.internal,$Gson$Types,equal,3,1,2,169,0,,
main,com.google.gson.internal,$Gson$Types,equals,43,11,2,173,0,com.google.gson.internal.$Gson$Types,com.google.gson.internal.$Gson$Types
main,com.google.gson.internal,$Gson$Types,typeToString,3,1,1,229,0,,
main,com.google.gson.internal,$Gson$Types,getGenericSupertype,29,10,3,233,0,com.google.gson.internal.$Gson$Types,com.google.gson.internal.$Gson$Types
main,com.google.gson.internal,$Gson$Types,getSupertype,9,2,3,272,0,com.google.gson.internal.$Gson$Types,com.google.gson.internal.$Gson$Types
main,com.google.gson.internal,$Gson$Types,getArrayComponentType,3,1,1,295,0,,
main,com.google.gson.internal,$Gson$Types,getCollectionElementType,7,2,2,306,0,com.google.gson.internal.$Gson$Types,com.google.gson.internal.$Gson$Types
main,com.google.gson.internal,$Gson$Types,getMapKeyAndValueTypes,11,3,2,320,0,com.google.gson.internal.$Gson$Types,com.google.gson.internal.$Gson$Types
main,com.google.gson.internal,$Gson$Types,resolve,3,1,3,343,0,com.google.gson.internal.$Gson$Types,com.google.gson.internal.$Gson$Types
main,com.google.gson.internal,$Gson$Types,resolve,81,18,4,348,0,com.google.gson.internal.$Gson$Types,com.google.gson.internal.$Gson$Types
main,com.google.gson.internal,$Gson$Types,resolveTypeVariable,12,3,3,450,0,com.google.gson.internal.$Gson$Types,com.google.gson.internal.$Gson$Types
main,com.google.gson.internal,$Gson$Types,indexOf,8,3,2,468,0,,
main,com.google.gson.internal,$Gson$Types,declaringClassOf,4,1,1,477,0,,
main,com.google.gson.internal,$Gson$Types,checkNotPrimitive,3,1,1,486,0,,
main,com.google.gson.internal,$Gson$Types,requiresOwnerType,7,2,1,490,0,,
main,com.google.gson.internal,ConstructorConstructor,ConstructorConstructor,5,1,3,56,0,,
main,com.google.gson.internal,ConstructorConstructor,checkInstantiable,10,3,1,65,0,,
main,com.google.gson.internal,ConstructorConstructor,get,56,8,1,97,0,com.google.gson.internal.ConstructorConstructor,com.google.gson.internal.ConstructorConstructor
main,com.google.gson.internal,ConstructorConstructor,construct,3,1,0,107,0,,
main,com.google.gson.internal,ConstructorConstructor,construct,3,1,0,119,0,,
main,com.google.gson.internal,ConstructorConstructor,construct,3,1,0,151,0,,
main,com.google.gson.internal,ConstructorConstructor,construct,3,1,0,171,0,,
main,com.google.gson.internal,ConstructorConstructor,newSpecialCollectionConstructor,43,7,2,179,0,,
main,com.google.gson.internal,ConstructorConstructor,construct,15,3,0,187,0,,
main,com.google.gson.internal,ConstructorConstructor,construct,15,3,0,208,0,,
main,com.google.gson.internal,ConstructorConstructor,newDefaultConstructor,51,5,2,229,0,,
main,com.google.gson.internal,ConstructorConstructor,construct,3,1,0,260,0,,
main,com.google.gson.internal,ConstructorConstructor,construct,3,1,0,281,0,,
main,com.google.gson.internal,ConstructorConstructor,construct,15,1,0,293,0,,
main,com.google.gson.internal,ConstructorConstructor,newDefaultImplementationConstructor,79,10,2,323,0,,
main,com.google.gson.internal,ConstructorConstructor,construct,3,1,0,339,0,,
main,com.google.gson.internal,ConstructorConstructor,construct,3,1,0,346,0,,
main,com.google.gson.internal,ConstructorConstructor,construct,3,1,0,353,0,,
main,com.google.gson.internal,ConstructorConstructor,construct,3,1,0,360,0,,
main,com.google.gson.internal,ConstructorConstructor,construct,3,1,0,371,0,,
main,com.google.gson.internal,ConstructorConstructor,construct,3,1,0,378,0,,
main,com.google.gson.internal,ConstructorConstructor,construct,3,1,0,385,0,,
main,com.google.gson.internal,ConstructorConstructor,construct,3,1,0,394,0,,
main,com.google.gson.internal,ConstructorConstructor,construct,3,1,0,401,0,,
main,com.google.gson.internal,ConstructorConstructor,newUnsafeAllocator,29,3,1,412,0,,
main,com.google.gson.internal,ConstructorConstructor,construct,9,1,0,415,0,,
main,com.google.gson.internal,ConstructorConstructor,construct,3,1,0,451,0,,
main,com.google.gson.internal,ConstructorConstructor,toString,3,1,0,459,0,,
main,com.google.gson.internal,Streams,Streams,3,1,0,36,0,,
main,com.google.gson.internal,Streams,parse,23,2,1,40,0,,
main,com.google.gson.internal,Streams,write,3,1,2,66,0,,
main,com.google.gson.internal,Streams,writerForAppendable,3,1,1,71,0,,
main,com.google.gson.internal,Primitives,Primitives,2,1,0,28,0,,
main,com.google.gson.internal,Primitives,isPrimitive,3,1,1,30,0,,
main,com.google.gson.internal,Primitives,isWrapperType,3,1,1,35,0,,
main,com.google.gson.internal,Primitives,wrap,12,10,1,53,0,,
main,com.google.gson.internal,Primitives,unwrap,12,10,1,77,0,,
main,com.google.gson.internal,GsonBuildConfig,GsonBuildConfig,2,1,0,31,0,,
main,com.google.gson.internal.reflect,ReflectionHelper,ReflectionHelper,2,1,0,44,0,,
main,com.google.gson.internal.reflect,ReflectionHelper,getInaccessibleTroubleshootingSuffix,8,2,1,46,0,,
main,com.google.gson.internal.reflect,ReflectionHelper,makeAccessible,9,1,1,59,0,com.google.gson.internal.reflect.ReflectionHelper,com.google.gson.internal.reflect.ReflectionHelper
main,com.google.gson.internal.reflect,ReflectionHelper,getAccessibleObjectDescription,23,5,2,81,0,com.google.gson.internal.reflect.ReflectionHelper,com.google.gson.internal.reflect.ReflectionHelper
main,com.google.gson.internal.reflect,ReflectionHelper,fieldToString,3,1,1,115,0,,
main,com.google.gson.internal.reflect,ReflectionHelper,constructorToString,5,1,1,120,0,com.google.gson.internal.reflect.ReflectionHelper,com.google.gson.internal.reflect.ReflectionHelper
main,com.google.gson.internal.reflect,ReflectionHelper,appendExecutableParameters,11,3,2,132,0,,
main,com.google.gson.internal.reflect,ReflectionHelper,isStatic,3,1,1,150,0,,
main,com.google.gson.internal.reflect,ReflectionHelper,isAnonymousOrNonStaticLocal,3,1,1,154,0,com.google.gson.internal.reflect.ReflectionHelper,com.google.gson.internal.reflect.ReflectionHelper
main,com.google.gson.internal.reflect,ReflectionHelper,tryMakeAccessible,9,1,1,159,0,com.google.gson.internal.reflect.ReflectionHelper,com.google.gson.internal.reflect.ReflectionHelper
main,com.google.gson.internal.reflect,ReflectionHelper,isRecord,3,1,1,180,0,,
main,com.google.gson.internal.reflect,ReflectionHelper,getRecordComponentNames,3,1,1,185,0,,
main,com.google.gson.internal.reflect,ReflectionHelper,getAccessor,3,1,2,189,0,,
main,com.google.gson.internal.reflect,ReflectionHelper,getCanonicalRecordConstructor,3,1,1,194,0,,
main,com.google.gson.internal.reflect,ReflectionHelper,createExceptionForUnexpectedIllegalAccess,3,1,1,198,0,,
main,com.google.gson.internal.reflect,ReflectionHelper,createExceptionForRecordReflectionException,3,1,1,208,0,,
main,com.google.gson.internal.bind,TypeAdapterRuntimeTypeWrapper,TypeAdapterRuntimeTypeWrapper,5,1,3,32,0,,
main,com.google.gson.internal.bind,TypeAdapterRuntimeTypeWrapper,read,3,1,1,38,0,,
main,com.google.gson.internal.bind,TypeAdapterRuntimeTypeWrapper,write,17,4,2,43,0,com.google.gson.internal.bind.TypeAdapterRuntimeTypeWrapper,com.google.gson.internal.bind.TypeAdapterRuntimeTypeWrapper
main,com.google.gson.internal.bind,TypeAdapterRuntimeTypeWrapper,isReflective,10,3,1,76,0,,
main,com.google.gson.internal.bind,TypeAdapterRuntimeTypeWrapper,getRuntimeTypeIfMoreSpecific,6,2,2,96,0,,
main,com.google.gson.internal.bind,MapTypeAdapterFactory,MapTypeAdapterFactory,4,1,2,119,0,,
main,com.google.gson.internal.bind,MapTypeAdapterFactory,create,13,2,2,125,0,com.google.gson.internal.bind.MapTypeAdapterFactory,com.google.gson.internal.bind.MapTypeAdapterFactory
main,com.google.gson.internal.bind,MapTypeAdapterFactory,getKeyAdapter,3,1,2,147,0,,
main,com.google.gson.internal.bind,TreeTypeAdapter,TreeTypeAdapter,8,1,6,62,0,,
main,com.google.gson.internal.bind,TreeTypeAdapter,TreeTypeAdapter,3,1,5,77,0,,
main,com.google.gson.internal.bind,TreeTypeAdapter,read,10,3,1,86,0,com.google.gson.internal.bind.TreeTypeAdapter,com.google.gson.internal.bind.TreeTypeAdapter
main,com.google.gson.internal.bind,TreeTypeAdapter,write,12,3,2,98,0,com.google.gson.internal.bind.TreeTypeAdapter,com.google.gson.internal.bind.TreeTypeAdapter
main,com.google.gson.internal.bind,TreeTypeAdapter,delegate,4,1,0,112,0,,
main,com.google.gson.internal.bind,TreeTypeAdapter,getSerializationDelegate,3,1,0,121,0,com.google.gson.internal.bind.TreeTypeAdapter,com.google.gson.internal.bind.TreeTypeAdapter
main,com.google.gson.internal.bind,TreeTypeAdapter,newFactory,3,1,2,130,0,,
main,com.google.gson.internal.bind,TreeTypeAdapter,newFactoryWithMatchRawType,4,1,2,135,0,,
main,com.google.gson.internal.bind,TreeTypeAdapter,newTypeHierarchyFactory,3,1,2,143,0,,
main,com.google.gson.internal.bind,DefaultDateTypeAdapter,create,3,1,2,66,0,,
main,com.google.gson.internal.bind,DefaultDateTypeAdapter,toString,3,1,0,76,0,,
main,com.google.gson.internal.bind,DefaultDateTypeAdapter,DefaultDateTypeAdapter,7,2,2,120,0,,
main,com.google.gson.internal.bind,DefaultDateTypeAdapter,DefaultDateTypeAdapter,10,3,3,128,0,,
main,com.google.gson.internal.bind,DefaultDateTypeAdapter,write,12,2,2,139,0,,
main,com.google.gson.internal.bind,DefaultDateTypeAdapter,read,8,2,1,155,0,com.google.gson.internal.bind.DefaultDateTypeAdapter,com.google.gson.internal.bind.DefaultDateTypeAdapter
main,com.google.gson.internal.bind,DefaultDateTypeAdapter,deserializeToDate,22,2,1,165,0,,
main,com.google.gson.internal.bind,DefaultDateTypeAdapter,toString,9,2,0,189,0,,
main,com.google.gson.internal.bind,ReflectiveTypeAdapterFactory,ReflectiveTypeAdapterFactory,7,1,5,67,0,,
main,com.google.gson.internal.bind,ReflectiveTypeAdapterFactory,includeField,3,1,2,80,0,,
main,com.google.gson.internal.bind,ReflectiveTypeAdapterFactory,getFieldNames,16,3,1,84,0,,
main,com.google.gson.internal.bind,ReflectiveTypeAdapterFactory,create,32,5,2,105,0,com.google.gson.internal.bind.ReflectiveTypeAdapterFactory,com.google.gson.internal.bind.ReflectiveTypeAdapterFactory
main,com.google.gson.internal.bind,ReflectiveTypeAdapterFactory,read,4,1,1,120,0,,
main,com.google.gson.internal.bind,ReflectiveTypeAdapterFactory,write,3,1,2,126,0,,
main,com.google.gson.internal.bind,ReflectiveTypeAdapterFactory,toString,3,1,0,131,0,,
main,com.google.gson.internal.bind,ReflectiveTypeAdapterFactory,checkAccessible,6,2,2,164,0,,
main,com.google.gson.internal.bind,ReflectiveTypeAdapterFactory,createBoundField,73,12,7,177,0,,
main,com.google.gson.internal.bind,ReflectiveTypeAdapterFactory,write,28,5,2,217,0,,
main,com.google.gson.internal.bind,ReflectiveTypeAdapterFactory,readIntoArray,7,2,3,250,0,,
main,com.google.gson.internal.bind,ReflectiveTypeAdapterFactory,readIntoField,13,4,2,264,0,,
main,com.google.gson.internal.bind,ReflectiveTypeAdapterFactory,createDuplicateFieldException,3,1,4,301,0,,
main,com.google.gson.internal.bind,ReflectiveTypeAdapterFactory,getBoundFields,65,17,5,316,0,com.google.gson.internal.bind.ReflectiveTypeAdapterFactory,com.google.gson.internal.bind.ReflectiveTypeAdapterFactory
main,com.google.gson.internal.bind,CollectionTypeAdapterFactory,CollectionTypeAdapterFactory,3,1,1,37,0,,
main,com.google.gson.internal.bind,CollectionTypeAdapterFactory,create,12,2,2,41,0,,
main,com.google.gson.internal.bind,NumberTypeAdapter,NumberTypeAdapter,3,1,1,39,0,,
main,com.google.gson.internal.bind,NumberTypeAdapter,newFactory,9,1,1,43,0,,
main,com.google.gson.internal.bind,NumberTypeAdapter,create,3,1,2,46,0,,
main,com.google.gson.internal.bind,NumberTypeAdapter,getFactory,8,2,1,54,0,com.google.gson.internal.bind.NumberTypeAdapter,com.google.gson.internal.bind.NumberTypeAdapter
main,com.google.gson.internal.bind,NumberTypeAdapter,read,0,4,1,62,0,,
main,com.google.gson.internal.bind,NumberTypeAdapter,write,3,1,2,78,0,,
main,com.google.gson.internal.bind,SerializationDelegatingTypeAdapter,getSerializationDelegate,0,1,0,23,0,,
main,com.google.gson.internal.bind,TypeAdapters,TypeAdapters,3,1,0,67,0,,
main,com.google.gson.internal.bind,TypeAdapters,write,3,1,2,74,0,,
main,com.google.gson.internal.bind,TypeAdapters,read,3,1,1,84,0,,
main,com.google.gson.internal.bind,TypeAdapters,read,0,8,1,97,0,,
main,com.google.gson.internal.bind,TypeAdapters,write,8,2,2,138,0,,
main,com.google.gson.internal.bind,TypeAdapters,read,11,3,1,153,0,,
main,com.google.gson.internal.bind,TypeAdapters,write,3,1,2,166,0,,
main,com.google.gson.internal.bind,TypeAdapters,read,7,2,1,177,0,,
main,com.google.gson.internal.bind,TypeAdapters,write,3,1,2,186,0,,
main,com.google.gson.internal.bind,TypeAdapters,read,17,3,1,197,0,,
main,com.google.gson.internal.bind,TypeAdapters,write,8,2,2,218,0,,
main,com.google.gson.internal.bind,TypeAdapters,read,17,3,1,232,0,,
main,com.google.gson.internal.bind,TypeAdapters,write,8,2,2,253,0,,
main,com.google.gson.internal.bind,TypeAdapters,read,12,2,1,268,0,,
main,com.google.gson.internal.bind,TypeAdapters,write,8,2,2,281,0,,
main,com.google.gson.internal.bind,TypeAdapters,read,8,1,1,295,0,,
main,com.google.gson.internal.bind,TypeAdapters,write,3,1,2,304,0,,
main,com.google.gson.internal.bind,TypeAdapters,read,3,1,1,314,0,,
main,com.google.gson.internal.bind,TypeAdapters,write,3,1,2,319,0,,
main,com.google.gson.internal.bind,TypeAdapters,read,20,3,1,329,0,,
main,com.google.gson.internal.bind,TypeAdapters,write,7,2,2,350,0,,
main,com.google.gson.internal.bind,TypeAdapters,read,12,2,1,364,0,,
main,com.google.gson.internal.bind,TypeAdapters,write,8,2,2,377,0,,
main,com.google.gson.internal.bind,TypeAdapters,read,7,2,1,389,0,,
main,com.google.gson.internal.bind,TypeAdapters,write,9,2,2,398,0,,
main,com.google.gson.internal.bind,TypeAdapters,read,7,2,1,414,0,,
main,com.google.gson.internal.bind,TypeAdapters,write,8,2,2,423,0,,
main,com.google.gson.internal.bind,TypeAdapters,read,11,3,1,435,0,,
main,com.google.gson.internal.bind,TypeAdapters,write,3,1,2,449,0,,
main,com.google.gson.internal.bind,TypeAdapters,read,11,3,1,460,0,,
main,com.google.gson.internal.bind,TypeAdapters,write,3,1,2,474,0,,
main,com.google.gson.internal.bind,TypeAdapters,read,13,2,1,482,0,,
main,com.google.gson.internal.bind,TypeAdapters,write,3,1,2,497,0,,
main,com.google.gson.internal.bind,TypeAdapters,read,13,2,1,505,0,,
main,com.google.gson.internal.bind,TypeAdapters,write,3,1,2,520,0,,
main,com.google.gson.internal.bind,TypeAdapters,read,7,2,1,531,0,,
main,com.google.gson.internal.bind,TypeAdapters,write,3,1,2,540,0,,
main,com.google.gson.internal.bind,TypeAdapters,read,7,2,1,550,0,,
main,com.google.gson.internal.bind,TypeAdapters,write,3,1,2,559,0,,
main,com.google.gson.internal.bind,TypeAdapters,read,7,2,1,570,0,,
main,com.google.gson.internal.bind,TypeAdapters,write,3,1,2,579,0,,
main,com.google.gson.internal.bind,TypeAdapters,read,8,2,1,590,0,,
main,com.google.gson.internal.bind,TypeAdapters,write,3,1,2,600,0,,
main,com.google.gson.internal.bind,TypeAdapters,read,13,2,1,610,0,,
main,com.google.gson.internal.bind,TypeAdapters,write,3,1,2,624,0,,
main,com.google.gson.internal.bind,TypeAdapters,read,8,2,1,634,0,,
main,com.google.gson.internal.bind,TypeAdapters,write,3,1,2,648,0,,
main,com.google.gson.internal.bind,TypeAdapters,read,13,2,1,659,0,,
main,com.google.gson.internal.bind,TypeAdapters,write,3,1,2,674,0,,
main,com.google.gson.internal.bind,TypeAdapters,read,9,1,1,684,0,,
main,com.google.gson.internal.bind,TypeAdapters,write,3,1,2,695,0,,
main,com.google.gson.internal.bind,TypeAdapters,read,0,9,1,711,0,,
main,com.google.gson.internal.bind,TypeAdapters,write,20,2,2,754,0,,
main,com.google.gson.internal.bind,TypeAdapters,read,29,7,1,782,0,,
main,com.google.gson.internal.bind,TypeAdapters,write,3,1,2,811,0,,
main,com.google.gson.internal.bind,TypeAdapters,tryBeginNesting,0,3,2,821,0,,
main,com.google.gson.internal.bind,TypeAdapters,readTerminal,0,5,2,838,0,,
main,com.google.gson.internal.bind,TypeAdapters,read,48,11,1,857,0,,
main,com.google.gson.internal.bind,TypeAdapters,write,35,9,2,918,0,,
main,com.google.gson.internal.bind,TypeAdapters,create,11,3,2,1027,0,,
main,com.google.gson.internal.bind,TypeAdapters,newFactory,8,1,2,1042,0,,
main,com.google.gson.internal.bind,TypeAdapters,create,3,1,2,1046,0,,
main,com.google.gson.internal.bind,TypeAdapters,newFactory,11,1,2,1054,0,,
main,com.google.gson.internal.bind,TypeAdapters,create,3,1,2,1058,0,,
main,com.google.gson.internal.bind,TypeAdapters,toString,3,1,0,1064,0,,
main,com.google.gson.internal.bind,TypeAdapters,newFactory,12,1,3,1071,0,,
main,com.google.gson.internal.bind,TypeAdapters,create,4,1,2,1075,0,,
main,com.google.gson.internal.bind,TypeAdapters,toString,3,1,0,1082,0,,
main,com.google.gson.internal.bind,TypeAdapters,newFactoryForMultipleTypes,12,1,3,1095,0,,
main,com.google.gson.internal.bind,TypeAdapters,create,4,1,2,1101,0,,
main,com.google.gson.internal.bind,TypeAdapters,toString,3,1,0,1108,0,,
main,com.google.gson.internal.bind,TypeAdapters,newTypeHierarchyFactory,27,3,2,1121,0,,
main,com.google.gson.internal.bind,TypeAdapters,create,19,3,2,1128,0,,
main,com.google.gson.internal.bind,TypeAdapters,write,3,1,2,1137,0,,
main,com.google.gson.internal.bind,TypeAdapters,read,7,2,1,1142,0,,
main,com.google.gson.internal.bind,TypeAdapters,toString,3,1,0,1159,0,,
main,com.google.gson.internal.bind,JsonAdapterAnnotationTypeAdapterFactory,JsonAdapterAnnotationTypeAdapterFactory,4,1,1,64,0,,
main,com.google.gson.internal.bind,JsonAdapterAnnotationTypeAdapterFactory,getAnnotation,3,1,1,70,0,,
main,com.google.gson.internal.bind,JsonAdapterAnnotationTypeAdapterFactory,create,8,2,2,75,0,com.google.gson.internal.bind.JsonAdapterAnnotationTypeAdapterFactory,com.google.gson.internal.bind.JsonAdapterAnnotationTypeAdapterFactory
main,com.google.gson.internal.bind,JsonAdapterAnnotationTypeAdapterFactory,createAdapter,3,1,2,88,0,,
main,com.google.gson.internal.bind,JsonAdapterAnnotationTypeAdapterFactory,putFactoryAndGetCurrent,4,1,2,96,0,,
main,com.google.gson.internal.bind,JsonAdapterAnnotationTypeAdapterFactory,getTypeAdapter,36,7,5,102,0,com.google.gson.internal.bind.JsonAdapterAnnotationTypeAdapterFactory,com.google.gson.internal.bind.JsonAdapterAnnotationTypeAdapterFactory
main,com.google.gson.internal.bind,JsonAdapterAnnotationTypeAdapterFactory,isClassJsonAdapterFactory,23,5,2,161,0,com.google.gson.internal.bind.JsonAdapterAnnotationTypeAdapterFactory,com.google.gson.internal.bind.JsonAdapterAnnotationTypeAdapterFactory
main,com.google.gson.internal.bind,ArrayTypeAdapter,create,10,2,2,37,0,,
main,com.google.gson.internal.bind,ArrayTypeAdapter,ArrayTypeAdapter,4,1,3,59,0,,
main,com.google.gson.internal.bind,ArrayTypeAdapter,read,25,5,1,66,0,,
main,com.google.gson.internal.bind,ArrayTypeAdapter,write,12,3,2,98,0,,
main,com.google.gson.internal.bind,ObjectTypeAdapter,ObjectTypeAdapter,4,1,2,47,0,,
main,com.google.gson.internal.bind,ObjectTypeAdapter,newFactory,11,2,1,52,0,,
main,com.google.gson.internal.bind,ObjectTypeAdapter,create,6,2,2,54,0,,
main,com.google.gson.internal.bind,ObjectTypeAdapter,getFactory,8,2,1,65,0,com.google.gson.internal.bind.ObjectTypeAdapter,com.google.gson.internal.bind.ObjectTypeAdapter
main,com.google.gson.internal.bind,ObjectTypeAdapter,tryBeginNesting,0,3,2,73,0,,
main,com.google.gson.internal.bind,ObjectTypeAdapter,readTerminal,0,5,2,90,0,,
main,com.google.gson.internal.bind,ObjectTypeAdapter,read,47,10,1,108,0,com.google.gson.internal.bind.ObjectTypeAdapter,com.google.gson.internal.bind.ObjectTypeAdapter
main,com.google.gson.internal.bind,ObjectTypeAdapter,write,13,3,2,169,0,,
main,com.google.gson.internal.bind,JsonTreeReader,read,3,1,3,42,0,,
main,com.google.gson.internal.bind,JsonTreeReader,close,3,1,0,47,0,,
main,com.google.gson.internal.bind,JsonTreeReader,JsonTreeReader,4,1,1,71,0,com.google.gson.internal.bind.JsonTreeReader,com.google.gson.internal.bind.JsonTreeReader
main,com.google.gson.internal.bind,JsonTreeReader,beginArray,6,1,0,76,0,com.google.gson.internal.bind.JsonTreeReader,com.google.gson.internal.bind.JsonTreeReader
main,com.google.gson.internal.bind,JsonTreeReader,endArray,8,2,0,84,0,com.google.gson.internal.bind.JsonTreeReader,com.google.gson.internal.bind.JsonTreeReader
main,com.google.gson.internal.bind,JsonTreeReader,beginObject,5,1,0,94,0,com.google.gson.internal.bind.JsonTreeReader,com.google.gson.internal.bind.JsonTreeReader
main,com.google.gson.internal.bind,JsonTreeReader,endObject,9,2,0,101,0,com.google.gson.internal.bind.JsonTreeReader,com.google.gson.internal.bind.JsonTreeReader
main,com.google.gson.internal.bind,JsonTreeReader,hasNext,4,1,0,112,0,com.google.gson.internal.bind.JsonTreeReader,com.google.gson.internal.bind.JsonTreeReader
main,com.google.gson.internal.bind,JsonTreeReader,peek,52,13,0,120,0,com.google.gson.internal.bind.JsonTreeReader,com.google.gson.internal.bind.JsonTreeReader
main,com.google.gson.internal.bind,JsonTreeReader,peekStack,3,1,0,165,0,,
main,com.google.gson.internal.bind,JsonTreeReader,popStack,5,1,0,169,0,,
main,com.google.gson.internal.bind,JsonTreeReader,expect,5,2,1,176,0,com.google.gson.internal.bind.JsonTreeReader,com.google.gson.internal.bind.JsonTreeReader
main,com.google.gson.internal.bind,JsonTreeReader,nextName,9,1,1,183,0,com.google.gson.internal.bind.JsonTreeReader,com.google.gson.internal.bind.JsonTreeReader
main,com.google.gson.internal.bind,JsonTreeReader,nextName,3,1,0,193,0,com.google.gson.internal.bind.JsonTreeReader,com.google.gson.internal.bind.JsonTreeReader
main,com.google.gson.internal.bind,JsonTreeReader,nextString,11,3,0,198,0,com.google.gson.internal.bind.JsonTreeReader,com.google.gson.internal.bind.JsonTreeReader
main,com.google.gson.internal.bind,JsonTreeReader,nextBoolean,8,2,0,212,0,com.google.gson.internal.bind.JsonTreeReader,com.google.gson.internal.bind.JsonTreeReader
main,com.google.gson.internal.bind,JsonTreeReader,nextNull,7,2,0,222,0,com.google.gson.internal.bind.JsonTreeReader,com.google.gson.internal.bind.JsonTreeReader
main,com.google.gson.internal.bind,JsonTreeReader,nextDouble,15,4,0,231,0,com.google.gson.internal.bind.JsonTreeReader,com.google.gson.internal.bind.JsonTreeReader
main,com.google.gson.internal.bind,JsonTreeReader,nextLong,12,3,0,249,0,com.google.gson.internal.bind.JsonTreeReader,com.google.gson.internal.bind.JsonTreeReader
main,com.google.gson.internal.bind,JsonTreeReader,nextInt,12,3,0,264,0,com.google.gson.internal.bind.JsonTreeReader,com.google.gson.internal.bind.JsonTreeReader
main,com.google.gson.internal.bind,JsonTreeReader,nextJsonElement,9,2,0,279,0,com.google.gson.internal.bind.JsonTreeReader,com.google.gson.internal.bind.JsonTreeReader
main,com.google.gson.internal.bind,JsonTreeReader,close,4,1,0,292,0,,
main,com.google.gson.internal.bind,JsonTreeReader,skipValue,0,6,0,298,0,com.google.gson.internal.bind.JsonTreeReader,com.google.gson.internal.bind.JsonTreeReader
main,com.google.gson.internal.bind,JsonTreeReader,toString,3,1,0,324,0,com.google.gson.internal.bind.JsonTreeReader,com.google.gson.internal.bind.JsonTreeReader
main,com.google.gson.internal.bind,JsonTreeReader,promoteNameToValue,7,1,0,329,0,com.google.gson.internal.bind.JsonTreeReader,com.google.gson.internal.bind.JsonTreeReader
main,com.google.gson.internal.bind,JsonTreeReader,push,9,2,1,337,0,,
main,com.google.gson.internal.bind,JsonTreeReader,getPath,23,8,1,347,0,,
main,com.google.gson.internal.bind,JsonTreeReader,getPath,3,1,0,373,0,com.google.gson.internal.bind.JsonTreeReader,com.google.gson.internal.bind.JsonTreeReader
main,com.google.gson.internal.bind,JsonTreeReader,getPreviousPath,3,1,0,378,0,com.google.gson.internal.bind.JsonTreeReader,com.google.gson.internal.bind.JsonTreeReader
main,com.google.gson.internal.bind,JsonTreeReader,locationString,3,1,0,383,0,com.google.gson.internal.bind.JsonTreeReader,com.google.gson.internal.bind.JsonTreeReader
main,com.google.gson.internal.bind,JsonTreeWriter,write,3,1,3,36,0,,
main,com.google.gson.internal.bind,JsonTreeWriter,flush,3,1,0,41,0,,
main,com.google.gson.internal.bind,JsonTreeWriter,close,3,1,0,46,0,,
main,com.google.gson.internal.bind,JsonTreeWriter,JsonTreeWriter,3,1,0,64,0,,
main,com.google.gson.internal.bind,JsonTreeWriter,get,6,2,0,68,0,,
main,com.google.gson.internal.bind,JsonTreeWriter,peek,3,1,0,76,0,,
main,com.google.gson.internal.bind,JsonTreeWriter,put,21,5,1,80,0,com.google.gson.internal.bind.JsonTreeWriter,com.google.gson.internal.bind.JsonTreeWriter
main,com.google.gson.internal.bind,JsonTreeWriter,beginArray,6,1,0,99,0,com.google.gson.internal.bind.JsonTreeWriter,com.google.gson.internal.bind.JsonTreeWriter
main,com.google.gson.internal.bind,JsonTreeWriter,endArray,11,3,0,108,0,com.google.gson.internal.bind.JsonTreeWriter,com.google.gson.internal.bind.JsonTreeWriter
main,com.google.gson.internal.bind,JsonTreeWriter,beginObject,6,1,0,122,0,com.google.gson.internal.bind.JsonTreeWriter,com.google.gson.internal.bind.JsonTreeWriter
main,com.google.gson.internal.bind,JsonTreeWriter,endObject,11,3,0,131,0,com.google.gson.internal.bind.JsonTreeWriter,com.google.gson.internal.bind.JsonTreeWriter
main,com.google.gson.internal.bind,JsonTreeWriter,name,12,3,1,145,0,com.google.gson.internal.bind.JsonTreeWriter,com.google.gson.internal.bind.JsonTreeWriter
main,com.google.gson.internal.bind,JsonTreeWriter,value,7,2,1,160,0,com.google.gson.internal.bind.JsonTreeWriter,com.google.gson.internal.bind.JsonTreeWriter
main,com.google.gson.internal.bind,JsonTreeWriter,value,4,1,1,170,0,com.google.gson.internal.bind.JsonTreeWriter,com.google.gson.internal.bind.JsonTreeWriter
main,com.google.gson.internal.bind,JsonTreeWriter,value,7,2,1,177,0,com.google.gson.internal.bind.JsonTreeWriter,com.google.gson.internal.bind.JsonTreeWriter
main,com.google.gson.internal.bind,JsonTreeWriter,value,7,2,1,187,0,com.google.gson.internal.bind.JsonTreeWriter,com.google.gson.internal.bind.JsonTreeWriter
main,com.google.gson.internal.bind,JsonTreeWriter,value,7,2,1,197,0,com.google.gson.internal.bind.JsonTreeWriter,com.google.gson.internal.bind.JsonTreeWriter
main,com.google.gson.internal.bind,JsonTreeWriter,value,4,1,1,207,0,com.google.gson.internal.bind.JsonTreeWriter,com.google.gson.internal.bind.JsonTreeWriter
main,com.google.gson.internal.bind,JsonTreeWriter,value,13,4,1,214,0,com.google.gson.internal.bind.JsonTreeWriter,com.google.gson.internal.bind.JsonTreeWriter
main,com.google.gson.internal.bind,JsonTreeWriter,nullValue,4,1,0,232,0,com.google.gson.internal.bind.JsonTreeWriter,com.google.gson.internal.bind.JsonTreeWriter
main,com.google.gson.internal.bind,JsonTreeWriter,jsonValue,3,1,1,239,0,,
main,com.google.gson.internal.bind,JsonTreeWriter,flush,2,1,0,244,0,,
main,com.google.gson.internal.bind,JsonTreeWriter,close,6,2,0,247,0,,
main,com.google.gson.internal.bind.util,ISO8601Utils,ISO8601Utils,2,1,0,39,0,,
main,com.google.gson.internal.bind.util,ISO8601Utils,format,3,1,1,61,0,com.google.gson.internal.bind.util.ISO8601Utils,com.google.gson.internal.bind.util.ISO8601Utils
main,com.google.gson.internal.bind.util,ISO8601Utils,format,3,1,2,71,0,com.google.gson.internal.bind.util.ISO8601Utils,com.google.gson.internal.bind.util.ISO8601Utils
main,com.google.gson.internal.bind.util,ISO8601Utils,format,36,3,3,82,0,com.google.gson.internal.bind.util.ISO8601Utils,com.google.gson.internal.bind.util.ISO8601Utils
main,com.google.gson.internal.bind.util,ISO8601Utils,parse,0,20,2,137,0,com.google.gson.internal.bind.util.ISO8601Utils,com.google.gson.internal.bind.util.ISO8601Utils
main,com.google.gson.internal.bind.util,ISO8601Utils,checkOffset,3,1,3,310,0,,
main,com.google.gson.internal.bind.util,ISO8601Utils,parseInt,24,6,3,322,0,,
main,com.google.gson.internal.bind.util,ISO8601Utils,padInt,7,2,3,358,0,,
main,com.google.gson.internal.bind.util,ISO8601Utils,indexOfNonDigit,9,3,2,373,0,,
main,com.google.gson.internal.sql,SqlTimeTypeAdapter,create,3,1,2,44,0,,
main,com.google.gson.internal.sql,SqlTimeTypeAdapter,SqlTimeTypeAdapter,2,1,0,55,0,,
main,com.google.gson.internal.sql,SqlTimeTypeAdapter,read,20,2,1,57,0,,
main,com.google.gson.internal.sql,SqlTimeTypeAdapter,write,11,2,2,78,0,,
main,com.google.gson.internal.sql,SqlTypesSupport,deserialize,3,1,1,58,0,,
main,com.google.gson.internal.sql,SqlTypesSupport,deserialize,3,1,1,65,0,,
main,com.google.gson.internal.sql,SqlTypesSupport,SqlTypesSupport,2,1,0,84,0,,
main,com.google.gson.internal.sql,SqlDateTypeAdapter,create,3,1,2,43,0,,
main,com.google.gson.internal.sql,SqlDateTypeAdapter,SqlDateTypeAdapter,2,1,0,54,0,,
main,com.google.gson.internal.sql,SqlDateTypeAdapter,read,20,2,1,56,0,,
main,com.google.gson.internal.sql,SqlDateTypeAdapter,write,11,2,2,77,0,,
main,com.google.gson.internal.sql,SqlTimestampTypeAdapter,create,9,2,2,33,0,,
main,com.google.gson.internal.sql,SqlTimestampTypeAdapter,SqlTimestampTypeAdapter,3,1,1,47,0,,
main,com.google.gson.internal.sql,SqlTimestampTypeAdapter,read,4,1,1,51,0,,
main,com.google.gson.internal.sql,SqlTimestampTypeAdapter,write,3,1,2,57,0,,
